{"cameraMode":{"drawMode":0,"name":"Shaded","section":"Shading Mode"},"sceneLighting":true,"audioPlay":false,"sceneViewState":{"showFog":true,"showMaterialUpdate":false,"showSkybox":true,"showFlares":true,"showImageEffects":true,"showParticleSystems":true},"in2DMode":false,"pivot":{"x":-3.569999933242798,"y":1.7063051462173463,"z":-0.513713538646698},"rotation":{"x":0.12778393924236298,"y":0.498515784740448,"z":-0.07457862049341202,"w":0.8541631698608398},"size":0.39547282457351687,"orthographic":false}