{"cameraMode":{"drawMode":0,"name":"Shaded","section":"Shading Mode"},"sceneLighting":false,"audioPlay":false,"sceneViewState":{"showFog":true,"showMaterialUpdate":false,"showSkybox":false,"showFlares":true,"showImageEffects":true,"showParticleSystems":true},"in2DMode":false,"pivot":{"x":-0.00014102458953857422,"y":0.2988893687725067,"z":-0.0008609890937805176},"rotation":{"x":0.12778393924236298,"y":0.498515784740448,"z":-0.07457862049341202,"w":0.8541631698608398},"size":0.40156877040863039,"orthographic":false}